{"cameraMode":{"drawMode":0,"name":"Shaded","section":"Shading Mode"},"sceneLighting":false,"audioPlay":false,"sceneViewState":{"showFog":true,"showMaterialUpdate":false,"showSkybox":false,"showFlares":true,"showImageEffects":true,"showParticleSystems":true},"in2DMode":false,"pivot":{"x":0.0,"y":0.5721898078918457,"z":3.453080415725708},"rotation":{"x":-0.11323919147253037,"y":0.35995304584503176,"z":-0.044062621891498569,"w":-0.9250303506851196},"size":5.004868030548096,"orthographic":false}