{"cameraMode":{"drawMode":0,"name":"Shaded","section":"Shading Mode"},"sceneLighting":true,"audioPlay":false,"sceneViewState":{"showFog":true,"showMaterialUpdate":false,"showSkybox":true,"showFlares":true,"showImageEffects":true,"showParticleSystems":true},"in2DMode":false,"pivot":{"x":-18.344970703125,"y":0.5955883860588074,"z":11.59903335571289},"rotation":{"x":-0.11323919147253037,"y":0.35995304584503176,"z":-0.044062621891498569,"w":-0.9250303506851196},"size":42.39014434814453,"orthographic":false}